Title,Type,Institution,Country,Year
The Church at Auvers (Item 1),Painting,Van Gogh Museum,Netherlands,1890
The Yellow House (Item 2),Painting,Van Gogh Museum,Netherlands,1884
Almond Blossoms (Item 3),Painting,Van Gogh Museum,Netherlands,1889
The Potato Eaters (Item 4),Painting,Van Gogh Museum,Netherlands,1883
Cafe Terrace at Night (Item 5),Painting,Van Gogh Museum,Netherlands,1890
Sunflowers (Item 6),Painting,Van Gogh Museum,Netherlands,1885
Bedroom in Arles (Item 7),Painting,Van Gogh Museum,Netherlands,1886
The Potato Eaters (Item 8),Painting,Van Gogh Museum,Netherlands,1890
The Starry Night (Item 9),Painting,Van Gogh Museum,Netherlands,1889
Sunflowers (Item 10),Painting,Van Gogh Museum,Netherlands,1889
The Yellow House (Item 11),Painting,Van Gogh Museum,Netherlands,1889
Wheatfield with Crows (Item 12),Painting,Van Gogh Museum,Netherlands,1882
Almond Blossoms (Item 13),Painting,Van Gogh Museum,Netherlands,1887
Irises (Item 14),Painting,Van Gogh Museum,Netherlands,1884
Bedroom in Arles (Item 15),Painting,Van Gogh Museum,Netherlands,1890
Cafe Terrace at Night (Item 16),Painting,Van Gogh Museum,Netherlands,1889
The Potato Eaters (Item 17),Painting,Van Gogh Museum,Netherlands,1885
Wheatfield with Crows (Item 18),Painting,Van Gogh Museum,Netherlands,1888
Cafe Terrace at Night (Item 19),Painting,Van Gogh Museum,Netherlands,1886
Starry Night Over the Rhone (Item 20),Painting,Van Gogh Museum,Netherlands,1886
The Starry Night (Item 21),Painting,Van Gogh Museum,Netherlands,1881
Bedroom in Arles (Item 22),Painting,Van Gogh Museum,Netherlands,1881
Self-Portrait with Bandaged Ear (Item 23),Painting,Van Gogh Museum,Netherlands,1888
Olive Trees (Item 24),Painting,Van Gogh Museum,Netherlands,1886
The Starry Night (Item 25),Painting,Van Gogh Museum,Netherlands,1884
The Church at Auvers (Item 26),Painting,Van Gogh Museum,Netherlands,1883
Olive Trees (Item 27),Painting,Van Gogh Museum,Netherlands,1885
Almond Blossoms (Item 28),Painting,Van Gogh Museum,Netherlands,1887
Irises (Item 29),Painting,Van Gogh Museum,Netherlands,1890
The Starry Night (Item 30),Painting,Van Gogh Museum,Netherlands,1890
Wheatfield with Crows (Item 31),Painting,Van Gogh Museum,Netherlands,1882
The Night Cafe (Item 32),Painting,Van Gogh Museum,Netherlands,1886
Wheatfield with Crows (Item 33),Painting,Van Gogh Museum,Netherlands,1885
Starry Night Over the Rhone (Item 34),Painting,Van Gogh Museum,Netherlands,1885
The Yellow House (Item 35),Painting,Van Gogh Museum,Netherlands,1881
Bedroom in Arles (Item 36),Painting,Van Gogh Museum,Netherlands,1887
The Night Cafe (Item 37),Painting,Van Gogh Museum,Netherlands,1886
The Night Cafe (Item 38),Painting,Van Gogh Museum,Netherlands,1887
Sunflowers (Item 39),Painting,Van Gogh Museum,Netherlands,1888
The Church at Auvers (Item 40),Painting,Van Gogh Museum,Netherlands,1883
Bedroom in Arles (Item 41),Painting,Van Gogh Museum,Netherlands,1888
The Starry Night (Item 42),Painting,Van Gogh Museum,Netherlands,1882
The Church at Auvers (Item 43),Painting,Van Gogh Museum,Netherlands,1890
Cafe Terrace at Night (Item 44),Painting,Van Gogh Museum,Netherlands,1883
The Yellow House (Item 45),Painting,Van Gogh Museum,Netherlands,1885
Almond Blossoms (Item 46),Painting,Van Gogh Museum,Netherlands,1885
Wheatfield with Crows (Item 47),Painting,Van Gogh Museum,Netherlands,1881
The Potato Eaters (Item 48),Painting,Van Gogh Museum,Netherlands,1882
Cafe Terrace at Night (Item 49),Painting,Van Gogh Museum,Netherlands,1881
Almond Blossoms (Item 50),Painting,Van Gogh Museum,Netherlands,1883
The Church at Auvers (Item 51),Painting,Van Gogh Museum,Netherlands,1889
Sunflowers (Item 52),Painting,Van Gogh Museum,Netherlands,1884
The Potato Eaters (Item 53),Painting,Van Gogh Museum,Netherlands,1890
Bedroom in Arles (Item 54),Painting,Van Gogh Museum,Netherlands,1885
Starry Night Over the Rhone (Item 55),Painting,Van Gogh Museum,Netherlands,1886
Self-Portrait with Bandaged Ear (Item 56),Painting,Van Gogh Museum,Netherlands,1889
The Potato Eaters (Item 57),Painting,Van Gogh Museum,Netherlands,1887
Wheatfield with Crows (Item 58),Painting,Van Gogh Museum,Netherlands,1883
The Yellow House (Item 59),Painting,Van Gogh Museum,Netherlands,1887
Self-Portrait with Bandaged Ear (Item 60),Painting,Van Gogh Museum,Netherlands,1885
The Starry Night (Item 61),Painting,Van Gogh Museum,Netherlands,1890
Self-Portrait with Bandaged Ear (Item 62),Painting,Van Gogh Museum,Netherlands,1881
Olive Trees (Item 63),Painting,Van Gogh Museum,Netherlands,1884
Almond Blossoms (Item 64),Painting,Van Gogh Museum,Netherlands,1888
Olive Trees (Item 65),Painting,Van Gogh Museum,Netherlands,1881
Bedroom in Arles (Item 66),Painting,Van Gogh Museum,Netherlands,1886
The Potato Eaters (Item 67),Painting,Van Gogh Museum,Netherlands,1889
The Starry Night (Item 68),Painting,Van Gogh Museum,Netherlands,1889
Cafe Terrace at Night (Item 69),Painting,Van Gogh Museum,Netherlands,1889
Self-Portrait with Bandaged Ear (Item 70),Painting,Van Gogh Museum,Netherlands,1886
Self-Portrait with Bandaged Ear (Item 71),Painting,Van Gogh Museum,Netherlands,1886
Irises (Item 72),Painting,Van Gogh Museum,Netherlands,1889
Sunflowers (Item 73),Painting,Van Gogh Museum,Netherlands,1883
The Potato Eaters (Item 74),Painting,Van Gogh Museum,Netherlands,1884
The Starry Night (Item 75),Painting,Van Gogh Museum,Netherlands,1881
Irises (Item 76),Painting,Van Gogh Museum,Netherlands,1883
The Yellow House (Item 77),Painting,Van Gogh Museum,Netherlands,1882
The Starry Night (Item 78),Painting,Van Gogh Museum,Netherlands,1887
Sunflowers (Item 79),Painting,Van Gogh Museum,Netherlands,1889
Irises (Item 80),Painting,Van Gogh Museum,Netherlands,1885
The Potato Eaters (Item 81),Painting,Van Gogh Museum,Netherlands,1885
The Church at Auvers (Item 82),Painting,Van Gogh Museum,Netherlands,1890
The Yellow House (Item 83),Painting,Van Gogh Museum,Netherlands,1887
Self-Portrait with Bandaged Ear (Item 84),Painting,Van Gogh Museum,Netherlands,1885
Wheatfield with Crows (Item 85),Painting,Van Gogh Museum,Netherlands,1884
Irises (Item 86),Painting,Van Gogh Museum,Netherlands,1890
Irises (Item 87),Painting,Van Gogh Museum,Netherlands,1887
Sunflowers (Item 88),Painting,Van Gogh Museum,Netherlands,1890
Self-Portrait with Bandaged Ear (Item 89),Painting,Van Gogh Museum,Netherlands,1883
Starry Night Over the Rhone (Item 90),Painting,Van Gogh Museum,Netherlands,1890
The Church at Auvers (Item 91),Painting,Kröller-Müller Museum,Netherlands,1883
Wheatfield with Crows (Item 92),Painting,Kröller-Müller Museum,Netherlands,1889
Cafe Terrace at Night (Item 93),Painting,Kröller-Müller Museum,Netherlands,1882
The Night Cafe (Item 94),Painting,Kröller-Müller Museum,Netherlands,1886
Olive Trees (Item 95),Painting,Kröller-Müller Museum,Netherlands,1890
The Potato Eaters (Item 96),Painting,Kröller-Müller Museum,Netherlands,1883
The Potato Eaters (Item 97),Painting,Kröller-Müller Museum,Netherlands,1890
Wheatfield with Crows (Item 98),Painting,Kröller-Müller Museum,Netherlands,1885
The Potato Eaters (Item 99),Painting,Kröller-Müller Museum,Netherlands,1881
Almond Blossoms (Item 100),Painting,Kröller-Müller Museum,Netherlands,1884
Bedroom in Arles (Item 101),Painting,Kröller-Müller Museum,Netherlands,1882
Almond Blossoms (Item 102),Painting,Kröller-Müller Museum,Netherlands,1881
Bedroom in Arles (Item 103),Painting,Kröller-Müller Museum,Netherlands,1882
The Night Cafe (Item 104),Painting,Kröller-Müller Museum,Netherlands,1889
Bedroom in Arles (Item 105),Painting,Kröller-Müller Museum,Netherlands,1885
The Starry Night (Item 106),Painting,Kröller-Müller Museum,Netherlands,1883
Starry Night Over the Rhone (Item 107),Painting,Kröller-Müller Museum,Netherlands,1890
Self-Portrait with Bandaged Ear (Item 108),Painting,Kröller-Müller Museum,Netherlands,1881
Almond Blossoms (Item 109),Painting,Kröller-Müller Museum,Netherlands,1888
Irises (Item 110),Painting,Kröller-Müller Museum,Netherlands,1886
Irises (Item 111),Painting,Kröller-Müller Museum,Netherlands,1881
The Yellow House (Item 112),Painting,Kröller-Müller Museum,Netherlands,1883
Wheatfield with Crows (Item 113),Painting,Kröller-Müller Museum,Netherlands,1884
The Yellow House (Item 114),Painting,Kröller-Müller Museum,Netherlands,1885
The Church at Auvers (Item 115),Painting,Kröller-Müller Museum,Netherlands,1890
Cafe Terrace at Night (Item 116),Painting,Kröller-Müller Museum,Netherlands,1884
Irises (Item 117),Painting,Kröller-Müller Museum,Netherlands,1889
Self-Portrait with Bandaged Ear (Item 118),Painting,Kröller-Müller Museum,Netherlands,1885
Almond Blossoms (Item 119),Painting,Kröller-Müller Museum,Netherlands,1884
Olive Trees (Item 120),Painting,Kröller-Müller Museum,Netherlands,1882
Wheatfield with Crows (Item 121),Painting,MoMA,USA,1883
Sunflowers (Item 122),Painting,MoMA,USA,1884
Olive Trees (Item 123),Painting,MoMA,USA,1882
The Starry Night (Item 124),Painting,MoMA,USA,1881
The Starry Night (Item 125),Painting,MoMA,USA,1889
Almond Blossoms (Item 126),Painting,MoMA,USA,1886
Sunflowers (Item 127),Painting,MoMA,USA,1882
The Church at Auvers (Item 128),Painting,MoMA,USA,1887
Almond Blossoms (Item 129),Painting,MoMA,USA,1887
Wheatfield with Crows (Item 130),Painting,MoMA,USA,1888
The Yellow House (Item 131),Painting,MoMA,USA,1882
Starry Night Over the Rhone (Item 132),Painting,MoMA,USA,1882
The Yellow House (Item 133),Painting,MoMA,USA,1881
Cafe Terrace at Night (Item 134),Painting,MoMA,USA,1890
Cafe Terrace at Night (Item 135),Painting,MoMA,USA,1887
Almond Blossoms (Item 136),Painting,Metropolitan Museum of Art,USA,1884
Starry Night Over the Rhone (Item 137),Painting,Metropolitan Museum of Art,USA,1890
Cafe Terrace at Night (Item 138),Painting,Metropolitan Museum of Art,USA,1886
Wheatfield with Crows (Item 139),Painting,Metropolitan Museum of Art,USA,1883
Bedroom in Arles (Item 140),Painting,Metropolitan Museum of Art,USA,1885
The Night Cafe (Item 141),Painting,Metropolitan Museum of Art,USA,1883
Olive Trees (Item 142),Painting,Metropolitan Museum of Art,USA,1888
The Yellow House (Item 143),Painting,Metropolitan Museum of Art,USA,1888
Almond Blossoms (Item 144),Painting,Metropolitan Museum of Art,USA,1881
Irises (Item 145),Painting,Metropolitan Museum of Art,USA,1890
Wheatfield with Crows (Item 146),Painting,Metropolitan Museum of Art,USA,1883
The Yellow House (Item 147),Painting,Metropolitan Museum of Art,USA,1887
Olive Trees (Item 148),Painting,Metropolitan Museum of Art,USA,1882
Irises (Item 149),Painting,Metropolitan Museum of Art,USA,1882
Wheatfield with Crows (Item 150),Painting,Metropolitan Museum of Art,USA,1890
The Potato Eaters (Item 151),Painting,Art Institute of Chicago,USA,1882
Bedroom in Arles (Item 152),Painting,Art Institute of Chicago,USA,1889
Bedroom in Arles (Item 153),Painting,Art Institute of Chicago,USA,1881
The Potato Eaters (Item 154),Painting,Art Institute of Chicago,USA,1885
The Potato Eaters (Item 155),Painting,Art Institute of Chicago,USA,1882
Irises (Item 156),Painting,Art Institute of Chicago,USA,1888
The Yellow House (Item 157),Painting,Art Institute of Chicago,USA,1885
Irises (Item 158),Painting,Art Institute of Chicago,USA,1890
Wheatfield with Crows (Item 159),Painting,Art Institute of Chicago,USA,1890
Sunflowers (Item 160),Painting,Art Institute of Chicago,USA,1881
Cafe Terrace at Night (Item 161),Painting,Musée d'Orsay,France,1883
Starry Night Over the Rhone (Item 162),Painting,Musée d'Orsay,France,1884
Sunflowers (Item 163),Painting,Musée d'Orsay,France,1890
Self-Portrait with Bandaged Ear (Item 164),Painting,Musée d'Orsay,France,1888
The Starry Night (Item 165),Painting,Musée d'Orsay,France,1884
Sunflowers (Item 166),Painting,Musée d'Orsay,France,1885
Irises (Item 167),Painting,Musée d'Orsay,France,1882
Starry Night Over the Rhone (Item 168),Painting,Musée d'Orsay,France,1882
The Night Cafe (Item 169),Painting,Musée d'Orsay,France,1883
Almond Blossoms (Item 170),Painting,Musée d'Orsay,France,1881
The Night Cafe (Item 171),Painting,Musée d'Orsay,France,1884
Irises (Item 172),Painting,Musée d'Orsay,France,1885
The Starry Night (Item 173),Painting,Musée d'Orsay,France,1890
Almond Blossoms (Item 174),Painting,Musée d'Orsay,France,1886
Cafe Terrace at Night (Item 175),Painting,Musée d'Orsay,France,1884
Self-Portrait with Bandaged Ear (Item 176),Painting,Musée d'Orsay,France,1881
Olive Trees (Item 177),Painting,Musée d'Orsay,France,1884
Almond Blossoms (Item 178),Painting,Musée d'Orsay,France,1881
Sunflowers (Item 179),Painting,Musée d'Orsay,France,1881
Almond Blossoms (Item 180),Painting,Musée d'Orsay,France,1885
Wheatfield with Crows (Item 181),Painting,National Gallery,UK,1884
Irises (Item 182),Painting,National Gallery,UK,1890
Bedroom in Arles (Item 183),Painting,National Gallery,UK,1885
The Church at Auvers (Item 184),Painting,National Gallery,UK,1886
The Night Cafe (Item 185),Painting,National Gallery,UK,1883
Bedroom in Arles (Item 186),Painting,National Gallery,UK,1889
Cafe Terrace at Night (Item 187),Painting,National Gallery,UK,1888
Irises (Item 188),Painting,National Gallery,UK,1889
Wheatfield with Crows (Item 189),Painting,National Gallery,UK,1884
Olive Trees (Item 190),Painting,National Gallery,UK,1882
The Church at Auvers (Item 191),Painting,Courtauld Gallery,UK,1881
Irises (Item 192),Painting,Courtauld Gallery,UK,1886
The Yellow House (Item 193),Painting,Courtauld Gallery,UK,1882
Cafe Terrace at Night (Item 194),Painting,Courtauld Gallery,UK,1885
Sunflowers (Item 195),Painting,Courtauld Gallery,UK,1888
The Church at Auvers (Item 196),Painting,Courtauld Gallery,UK,1884
The Yellow House (Item 197),Painting,Courtauld Gallery,UK,1890
The Church at Auvers (Item 198),Painting,Courtauld Gallery,UK,1884
Wheatfield with Crows (Item 199),Painting,Courtauld Gallery,UK,1889
Cafe Terrace at Night (Item 200),Painting,Courtauld Gallery,UK,1883
